City,Country,Lat,Long,Temp,Feel Like,Humidity,Cloud %
Yar-Sale,RU,66.83,70.83,40.1,28.26,71,99
Vaini,TO,-21.2,-175.2,80.6,85.33,78,20
Camaná,PE,-16.62,-72.71,61.03,58.69,77,32
Sioux Lookout,CA,50.1,-91.92,48.2,43.43,93,90
Selikhino,RU,50.37,137.5,55.98,48.83,70,68
Ryazhsk,RU,53.7,40.11,52.0,40.03,35,100
Arraial do Cabo,BR,-22.97,-42.03,73.36,71.01,89,100
Albany,US,42.6,-73.97,67.75,67.86,85,2
Kaiyuan,CN,23.7,103.3,78.87,82.63,65,85
Olafsvik,IS,64.89,-23.71,37.83,25.0,86,92
Hermanus,ZA,-34.42,19.23,45.0,40.89,95,40
Sittwe,MM,20.15,92.9,85.68,95.83,77,64
Deputatsky,RU,69.3,139.9,41.68,35.73,73,79
Muros,ES,42.78,-9.06,52.21,50.45,83,100
George Town,MY,5.41,100.34,86.0,88.95,66,20
Busselton,AU,-33.65,115.33,63.23,62.04,80,99
Bathsheba,BB,13.22,-59.52,73.4,77.94,94,75
Hilo,US,19.73,-155.09,73.6,72.12,65,1
Namatanai,PG,-3.67,152.43,83.1,90.64,71,72
Mar del Plata,AR,-38.0,-57.56,46.49,43.34,93,7
Cape Town,ZA,-33.93,18.42,48.34,46.26,93,20
Saint-Philippe,RE,-21.36,55.77,71.11,71.74,68,37
Khatanga,RU,71.97,102.5,32.07,20.71,93,99
Puerto Ayacucho,VE,5.66,-67.62,75.7,83.17,90,89
Mitsamiouli,KM,-11.38,43.28,76.71,76.87,74,62
Naze,JP,28.37,129.48,80.6,79.93,65,75
Dudinka,RU,69.41,86.18,30.2,17.55,100,90
Rikitea,PF,-23.12,-134.97,71.38,66.16,85,98
Abu Samrah,SY,35.3,37.18,70.39,69.44,58,0
Husavik,IS,66.04,-17.34,35.6,27.39,69,90
Mataura,NZ,-46.19,168.86,37.99,24.66,87,98
Makkah al Mukarramah,SA,21.43,39.83,89.22,82.04,15,0
Marzuq,YE,14.4,46.47,78.75,78.78,45,2
Pevek,RU,69.7,170.31,40.06,30.58,71,99
Bluff,NZ,-46.6,168.33,37.99,24.66,87,100
Punta Arenas,CL,-53.15,-70.92,28.2,19.83,68,20
Bambous Virieux,MU,-20.34,57.76,74.64,76.05,83,75
Tiksi,RU,71.69,128.87,36.54,21.56,76,17
Rudnogorsk,RU,57.26,103.75,46.44,38.88,67,96
Eureka,US,40.8,-124.16,65.75,66.7,83,0
Marawi,PH,8.0,124.29,82.0,88.3,84,71
Butaritari,KI,3.07,172.79,82.27,85.15,73,78
Saint-Augustin,CA,51.23,-58.65,60.6,56.53,91,93
Kaitangata,NZ,-46.28,169.85,37.99,27.1,79,99
Gushikawa,JP,26.35,127.87,82.26,83.1,65,1
Mbarara,UG,-0.61,30.65,62.35,63.57,86,100
Torbay,CA,47.67,-52.73,63.21,56.79,100,90
Mossamedes,AO,-15.2,12.15,61.54,61.97,89,100
Saint George,US,37.1,-113.58,75.76,58.19,11,1
Raudeberg,NO,61.99,5.14,53.01,48.85,94,100
Chokurdakh,RU,70.63,147.92,43.54,37.29,63,57
Port Alfred,ZA,-33.59,26.89,55.06,42.76,72,7
Kirando,TZ,-7.42,30.6,73.38,74.03,72,100
Zhigansk,RU,66.77,123.37,35.35,21.54,95,100
Saldanha,ZA,-33.01,17.94,41.0,35.6,86,0
Ushuaia,AR,-54.8,-68.3,30.2,21.79,80,20
Twentynine Palms,US,34.14,-116.05,82.6,72.9,9,1
Lac du Bonnet,CA,50.25,-96.06,47.52,45.09,99,100
Vila Velha,BR,-20.33,-40.29,76.64,79.03,83,0
Niono,ML,14.25,-5.99,83.44,83.3,53,97
Fairbanks,US,64.84,-147.72,47.44,41.63,61,90
Kosh-Agach,RU,50.0,88.67,37.51,31.8,65,1
Barrow,US,71.29,-156.79,32.0,23.11,96,90
Norman Wells,CA,65.28,-126.83,42.8,34.63,87,90
Katsuura,JP,35.13,140.3,71.55,65.28,60,75
Ribeira Grande,PT,38.52,-28.7,67.14,59.72,81,96
Kavaratti,IN,10.57,72.64,82.4,88.75,78,40
Kapaa,US,22.08,-159.32,79.72,83.79,74,40
Impfondo,CG,1.64,18.07,68.67,74.19,98,98
Faya,SA,18.39,42.45,62.6,57.09,27,77
Tuktoyaktuk,CA,69.45,-133.04,35.6,26.8,100,90
Avarua,CK,-21.21,-159.78,77.0,73.17,73,21
Tazovsky,RU,67.47,78.7,36.57,24.51,89,100
Chui,UY,-33.7,-53.46,48.33,44.44,87,0
Batticaloa,LK,7.71,81.69,84.31,93.02,69,78
Banda Aceh,ID,5.56,95.32,85.64,92.57,61,100
Atuona,PF,-9.8,-139.03,77.9,76.82,76,9
Kupang,ID,-10.17,123.58,93.2,90.91,36,20
Bonthe,SL,7.53,-12.51,76.75,83.41,89,100
Yumen,CN,40.28,97.2,64.35,54.93,40,98
Sydney,AU,-33.87,151.21,64.2,55.29,45,20
Hong Kong,HK,22.29,114.16,81.28,92.52,88,94
Coquimbo,CL,-29.95,-71.34,55.4,52.21,82,41
Bethel,US,41.37,-73.41,65.48,65.55,93,20
Iqaluit,CA,63.75,-68.51,21.09,11.95,85,40
Havre-St-Pierre,CA,50.23,-63.6,57.2,56.17,93,90
Jamestown,US,42.1,-79.24,67.12,61.88,68,90
Hobart,AU,-42.88,147.33,63.86,57.83,58,75
San Rafael del Sur,NI,11.85,-86.44,76.62,80.94,82,18
Chapais,CA,49.78,-74.85,60.8,59.72,93,75
Pangnirtung,CA,66.15,-65.71,27.25,22.33,92,92
Liverpool,GB,53.41,-2.98,50.07,49.03,93,3
Port Lincoln,AU,-34.73,135.87,58.87,53.08,86,100
Dikson,RU,73.51,80.55,39.81,23.92,91,100
Bengkulu,ID,-3.8,102.27,85.84,87.6,65,0
Cam Ranh,VN,11.92,109.16,91.4,98.42,63,75
Dehlorān,IR,32.69,47.27,85.73,78.98,21,0
Rockwall,US,32.9,-96.4,59.63,56.05,62,1
Murovane,UA,49.52,22.94,49.1,45.84,88,100
Lagoa,PT,39.05,-27.98,66.33,60.04,80,95
Padang,ID,-0.95,100.35,85.98,92.01,61,92
Faanui,PF,-16.48,-151.75,77.76,74.77,82,4
Ilulissat,GL,69.22,-51.1,26.6,11.25,53,85
Angoram,PG,-4.06,144.07,90.5,96.82,53,98
Mvuma,ZW,-19.28,30.53,60.01,59.54,95,7
Puerto Ayora,EC,-0.74,-90.35,68.0,70.47,86,97
East London,ZA,-33.02,27.91,55.4,48.18,58,26
Bandar-e Lengeh,IR,26.56,54.88,84.2,94.05,83,20
Saskylakh,RU,71.92,114.08,29.64,17.67,96,100
Yellowknife,CA,62.46,-114.35,47.8,41.13,66,40
Tubualá,PA,9.52,-79.03,75.15,83.5,94,40
Puerto Nariño,CO,-3.77,-70.38,75.2,83.79,100,89
Castro,BR,-24.79,-50.01,61.36,62.24,96,0
Sitka,US,57.05,-135.33,53.6,49.44,76,75
Bowen,AU,-20.02,148.23,80.6,72.36,44,90
Nazilli,TR,37.92,28.32,73.76,73.8,46,0
Kinna,SE,57.51,12.69,48.34,44.87,93,11
Salalah,OM,17.02,54.09,75.2,81.41,83,12
Sorong,ID,-0.88,131.25,82.51,87.91,72,57
Ostrovnoy,RU,68.05,39.51,48.97,37.06,85,40
Saint-François,FR,46.42,3.91,47.64,44.35,87,64
Cherskiy,RU,68.75,161.3,48.11,34.41,52,64
Nikolskoye,RU,59.7,30.79,50.94,47.77,87,90
Carutapera,BR,-1.2,-46.02,78.17,81.9,79,0
Lal'sk,RU,60.74,47.59,46.38,42.35,85,98
Aksu,CN,41.12,80.26,65.97,60.06,26,70
Carnarvon,AU,-24.87,113.63,75.2,67.14,50,0
Billings Metropolitan Area,US,45.78,-108.5,58.95,44.67,26,20
Daru,PG,-9.08,143.21,79.3,77.95,84,100
Hienghène,NC,-20.68,164.93,70.66,72.12,83,100
Mayo,US,38.89,-76.51,70.34,71.46,94,20
Moranbah,AU,-22.0,148.05,80.08,72.21,38,43
Saint Paul Harbor,US,57.79,-152.41,51.8,45.52,62,20
Yarovoy,RU,52.93,78.58,49.82,38.25,83,100
Ambilobe,MG,-13.2,49.05,74.01,75.87,62,4
Waingapu,ID,-9.66,120.26,89.94,87.6,49,2
Fort Nelson,CA,58.81,-122.7,46.4,39.99,64,40
Beringovskiy,RU,63.05,179.32,43.57,40.33,72,1
Mount Gambier,AU,-37.83,140.77,66.2,52.12,42,100
Vasterhaninge,SE,59.12,18.1,56.8,52.38,65,100
Ponta do Sol,PT,32.67,-17.1,65.86,61.39,82,75
‘Āhuimanu,US,21.44,-157.84,82.45,84.67,65,20
San Clemente,US,33.43,-117.61,67.62,70.9,92,0
Half Moon Bay,US,37.46,-122.43,62.38,62.51,93,90
Upernavik,GL,72.79,-56.15,23.74,14.67,87,51
Anadyr,RU,64.75,177.48,44.28,36.14,70,20
Karlstad,SE,59.38,13.5,53.6,51.44,100,98
Champerico,GT,14.3,-91.92,65.53,67.35,95,87
Hasaki,JP,35.73,140.83,71.24,64.26,60,75
Marsh Harbour,BS,26.54,-77.06,82.11,84.7,75,96
Araouane,ML,18.9,-3.53,92.14,86.31,17,0
Tasiilaq,GL,65.61,-37.64,30.2,24.21,92,75
Adrar,MR,20.5,-10.07,84.04,79.5,27,0
Inírida,CO,3.87,-67.92,74.16,81.66,91,87
Nieuw Amsterdam,SR,5.88,-55.08,79.0,87.4,92,58
Lahad Datu,MY,5.03,118.33,83.43,91.27,67,100
Pendleton,US,45.67,-118.79,57.94,49.86,44,1
Lingao,CN,19.91,109.69,86.09,95.23,72,100
Huarmey,PE,-10.07,-78.15,60.82,57.74,86,16
Vanimo,PG,-2.67,141.3,86.13,91.22,66,82
Yeppoon,AU,-23.13,150.73,75.2,69.03,50,75
Areosa,PT,41.72,-8.86,58.84,60.35,93,98
Pāli,IN,25.77,73.33,85.24,87.21,52,0
Manokwari,ID,-0.87,134.08,84.6,90.03,66,95
Paamiut,GL,61.99,-49.67,34.86,24.01,75,0
Narsaq,GL,60.92,-46.05,30.2,21.36,54,0
Thompson,CA,55.74,-97.86,42.8,38.5,100,90
Sovetskiy,RU,61.36,63.58,41.05,33.85,84,100
Nanortalik,GL,60.14,-45.24,35.64,24.4,76,0
Kahului,US,20.89,-156.47,77.83,73.02,66,40
Tilichiki,RU,60.47,166.1,44.53,34.48,82,100
Dhārchula,IN,29.85,80.53,75.88,73.13,38,0
Kibre Mengist,ET,5.88,38.98,58.59,59.52,94,27
Katobu,ID,-4.94,122.53,90.34,94.1,50,82
Eshowe,ZA,-28.89,31.47,54.95,55.53,100,100
Pombas,CV,17.15,-25.02,80.6,80.58,74,40
Tuatapere,NZ,-46.13,167.68,37.0,21.74,85,87
Bangangté,CM,5.14,10.52,60.91,63.32,100,100
Mikhaylovka,RU,50.06,43.24,42.01,37.63,63,26
Tulum,MX,20.22,-87.47,82.99,92.48,83,13
Formosa,AR,-26.18,-58.18,62.6,61.2,67,0
Port Blair,IN,11.67,92.75,79.07,78.26,87,100
Toora-Khem,RU,52.47,96.11,42.93,37.31,64,100
Port-Gentil,GA,-0.72,8.78,76.77,78.26,73,96
Tura,IN,25.52,90.22,87.19,97.11,67,0
Kulhudhuffushi,MV,6.62,73.07,82.13,86.76,74,87
Pucara,PE,-15.98,-71.46,37.13,32.54,71,98
Ferme-Neuve,CA,46.7,-75.45,62.37,62.1,92,59
Popondetta,PG,-8.75,148.25,83.39,88.48,69,95
San Antonio,US,29.42,-98.49,71.8,65.89,33,90
Cabo San Lucas,MX,22.89,-109.91,82.67,91.72,77,0
Pacific Grove,US,36.62,-121.92,58.23,58.57,92,23
Tautira,PF,-17.73,-149.15,84.2,89.38,66,20
Itarema,BR,-2.92,-39.92,78.84,78.3,80,24
Sabha,LY,27.04,14.43,81.0,72.79,18,0
Mayumba,GA,-3.43,10.66,74.95,79.0,77,93
Inhambane,MZ,-23.86,35.38,74.66,80.64,83,86
Wangqing,CN,43.32,129.76,60.96,58.3,60,100
Usinsk,RU,65.99,57.53,43.7,34.12,96,100
Mīnāb,IR,27.15,57.08,80.6,88.27,83,29
Beaumont,US,30.09,-94.1,67.5,67.46,72,90
Saint Lawrence,MT,36.06,14.2,67.98,70.81,77,0
Hambantota,LK,6.12,81.12,84.2,88.88,83,20
Hithadhoo,MV,-0.6,73.08,83.71,87.75,68,57
Harper,LR,4.38,-7.72,76.44,82.38,90,71
La Ronge,CA,55.1,-105.28,50.0,45.05,76,20
Port Moresby,PG,-9.44,147.18,84.2,81.57,74,75
Comarapa,BO,-17.9,-64.48,54.59,54.5,92,88
Flin Flon,CA,54.77,-101.86,44.49,38.79,94,59
Ţahţā,EG,26.77,31.5,78.71,73.13,31,0
Kavieng,PG,-2.57,150.8,83.86,89.53,69,38
Black River,JM,18.03,-77.85,81.09,87.96,78,20
Estelí,NI,13.09,-86.35,67.87,71.6,93,96
Mahébourg,MU,-20.41,57.7,73.4,74.21,83,75
Ojinaga,MX,29.57,-104.42,66.79,56.89,28,1
Rome,US,43.21,-75.46,69.15,67.84,68,20
The Valley,AI,18.22,-63.06,83.37,88.63,79,20
Cidreira,BR,-30.18,-50.21,58.44,55.0,81,0
Lompoc,US,34.64,-120.46,59.7,61.18,93,90
Yulara,AU,-25.24,130.99,84.2,78.58,37,14
Boende,CD,-0.22,20.87,68.27,74.26,98,92
Guerrero Negro,MX,27.98,-114.06,74.68,71.24,64,0
Viking,CA,53.1,-111.77,57.0,53.28,67,98
Severo-Kuril'sk,RU,50.68,156.12,50.34,46.18,88,100
Piet Retief,ZA,-27.01,30.81,50.47,49.39,93,100
Zhurivka,UA,50.5,31.78,50.0,47.05,93,100
New Norfolk,AU,-42.78,147.06,64.06,61.3,46,23
Arlit,NE,18.74,7.39,90.48,83.37,13,20
Neiafu,TO,-18.65,-173.98,80.6,83.44,78,40
Codrington,AU,-38.27,141.97,64.27,56.07,67,100
Esperance,AU,-33.87,121.9,69.8,58.86,49,10
Rongcheng,CN,30.63,117.85,74.1,77.52,77,94
San Patricio,MX,19.22,-104.7,80.37,90.34,86,19
Gainsborough,GB,53.38,-0.77,55.65,52.88,93,91
Disna,BY,55.57,28.2,46.17,42.15,90,46
Zhezkazgan,KZ,47.8,67.71,42.8,36.41,60,0
Bo Phloi,TH,14.32,99.52,83.61,89.8,74,94
Linjiang,CN,41.81,126.91,58.44,56.16,69,100
Ubari,LY,26.59,12.78,76.84,69.93,19,0
São Gabriel da Cachoeira,BR,-0.13,-67.09,73.87,81.23,92,99
Rosarito,MX,32.33,-117.03,69.8,70.66,77,5
Bairiki Village,KI,1.33,172.98,87.8,92.35,66,75
Kailua,US,21.4,-157.74,79.59,80.51,65,20
Santiago,CL,-33.46,-70.65,50.72,44.87,87,0
Bredasdorp,ZA,-34.53,20.04,46.4,41.47,87,69
Biltine,TD,14.53,20.92,79.09,83.26,70,39
Hanting,CN,36.77,119.21,72.3,70.0,59,96
Airai,TL,-8.93,125.41,80.15,78.39,41,0
Ust-Nera,RU,64.57,143.2,49.95,43.25,53,98
Tabou,CI,4.42,-7.35,75.96,81.59,91,81
Aljezur,PT,37.32,-8.8,63.77,60.46,67,0
Constitución,CL,-35.33,-72.42,47.55,42.53,86,100
Karratha,AU,-20.74,116.85,89.94,83.66,16,46
Aklavik,CA,68.22,-135.01,37.4,31.1,93,90
Port Elizabeth,ZA,-33.92,25.57,55.4,45.0,66,18
Klaksvík,FO,62.23,-6.59,44.6,42.71,100,0
Qaanaaq,GL,77.48,-69.36,12.31,1.29,78,57
Olinda,BR,-8.01,-34.86,78.8,81.97,78,75
Ruyigi Province,BI,-3.45,30.32,61.03,62.53,88,95
Grindavik,IS,63.84,-22.43,39.2,31.32,93,40
Laguna,US,38.42,-121.42,79.52,75.49,29,1
Sar-e Pul,AF,35.83,66.17,45.48,37.47,51,87
Provideniya,RU,64.38,-173.3,41.0,35.31,78,75
Grand-Santi,GF,4.25,-54.38,73.85,78.13,83,0
Lavrentiya,RU,65.58,-171.0,35.13,30.63,82,54
Ondo,NG,7.1,4.83,72.19,79.41,98,100
Kiunga,PG,-6.12,141.29,84.16,92.73,78,70
Goderich,CA,43.75,-81.72,56.26,46.89,79,100
Mariāni,IN,26.67,94.33,79.93,89.94,87,77
Bitung,ID,1.45,125.18,87.8,92.55,62,40
Sakakah,SA,29.97,40.21,75.2,70.18,23,0
Kushmurun,KZ,52.45,64.63,54.1,50.05,74,0
Longyearbyen,SJ,78.22,15.64,37.4,32.76,85,75
Roald,NO,62.58,6.13,52.16,47.77,93,87
São Pedro do Piauí,BR,-5.93,-42.72,81.79,80.35,40,54
Berlevåg,NO,70.86,29.09,44.6,36.77,87,7
Coyhaique,CL,-45.58,-72.07,41.0,35.64,93,75
Skibbereen,IE,51.55,-9.27,48.2,43.23,81,20
Oktyabr'skoye,RU,43.06,44.74,54.23,53.69,93,0
Dalby,AU,-27.18,151.27,69.8,64.47,35,75
Vardø,NO,70.37,31.11,50.0,45.23,87,75
Okakarara,NA,-20.58,17.43,50.61,43.63,36,0
Caravelas,BR,-17.71,-39.25,75.47,77.41,81,44
Ambovombe,MG,-25.17,46.08,71.73,74.64,78,0
Basco,PH,20.45,121.97,82.63,88.0,79,30
Kapoeta,SS,4.77,33.59,72.9,76.24,84,62
Hofn,IS,64.25,-15.21,44.91,40.05,74,22
Estância,BR,-11.27,-37.44,78.8,81.79,74,40
Troy,US,42.61,-83.15,52.81,50.41,100,1
Dembī Dolo,ET,8.53,34.8,56.53,56.66,98,46
Tahoua,NE,14.89,5.27,82.4,83.57,58,97
Pisco,PE,-13.7,-76.22,62.35,59.99,88,5
São João da Barra,BR,-21.64,-41.05,73.72,80.11,90,53
Wamba,NG,8.93,8.6,70.74,76.64,94,100
Tari,NG,12.41,4.49,78.3,79.97,80,100
Grand Gaube,MU,-20.01,57.66,75.99,76.41,73,94
Leningradskiy,RU,69.38,178.42,34.56,27.28,84,0
Bobbili,IN,18.57,83.37,86.88,93.67,64,0
Walvis Bay,NA,-22.96,14.51,46.62,40.84,93,0
Bouar,CF,5.93,15.6,65.41,69.94,100,100
Athani,IN,16.73,75.07,78.69,82.08,71,11
Itainópolis,BR,-7.45,-41.48,82.92,79.75,33,42
Guane,CU,22.2,-84.09,78.46,85.06,87,99
Changping,CN,40.22,116.22,60.87,58.75,82,100
Souillac,MU,-20.52,57.52,73.4,74.21,83,75
Nipawin,CA,53.37,-104.0,55.4,47.91,62,75
Tonantins,BR,-2.87,-67.8,74.64,81.61,87,97
Hokitika,NZ,-42.72,170.97,46.58,28.69,57,49
Camrose,CA,53.02,-112.84,57.0,53.19,66,100
Kargil,IN,34.57,76.1,46.18,40.6,45,0
Auki,SB,-8.77,160.7,82.71,88.09,71,93
Xam Nua,LA,20.42,104.04,86.27,92.12,53,65
Marsaxlokk,MT,35.84,14.54,67.14,69.66,77,0
Buenaventura,CO,3.88,-77.03,75.87,84.45,92,99
Serebryanyy Bor,RU,56.8,124.8,37.15,30.9,90,99
Cayenne,GF,4.93,-52.33,78.8,83.68,88,11
Nome,US,64.5,-165.41,42.01,35.29,70,90
Wajima,JP,37.4,136.9,69.8,68.09,68,75
Sanchazi,CN,42.08,126.6,58.77,54.99,57,100
Chumikan,RU,54.72,135.31,48.87,44.22,77,99
Havelock,US,34.88,-76.9,72.91,77.2,94,1
Beberibe,BR,-4.18,-38.13,78.8,79.05,83,75
Asău,RO,46.43,26.4,55.99,56.98,98,100
Talcahuano,CL,-36.72,-73.12,48.2,44.62,81,100
Taoudenni,ML,22.68,-3.98,89.78,80.74,16,0
Touros,BR,-5.2,-35.46,73.4,79.95,94,20
Bayan,CN,46.08,127.4,58.26,50.85,57,0
Mnogovershinnyy,RU,53.94,139.92,48.29,40.01,77,71
Constantine,DZ,36.37,6.61,50.0,47.01,81,0
Guozhen,CN,34.37,107.36,78.28,78.46,44,0
Alofi,NU,-19.06,-169.92,80.6,82.06,78,75
Shaowu,CN,27.34,117.48,66.63,71.08,90,100
Oranjemund,NA,-28.55,16.43,52.27,42.76,67,0
Santa Isabel Rio Negro,BR,-0.41,-65.02,73.58,80.33,93,89
Arrondissement d'Ajaccio,FR,42.0,8.92,55.4,50.95,82,75
Mehamn,NO,71.04,27.85,44.6,36.77,87,25
Angoche,MZ,-16.23,39.91,72.32,73.53,86,0
Makiwalo,PH,12.51,124.71,88.3,93.94,60,71
Almaznyy,RU,48.04,40.05,53.6,38.95,62,98
Puerto El Triunfo,SV,13.28,-88.55,78.8,87.85,88,20
Kuril'sk,RU,45.23,147.88,62.78,59.95,67,0
Yangi Marg`ilon,UZ,40.43,71.72,60.8,54.1,41,100
Tezu,IN,27.92,96.17,88.88,93.85,50,20
Mangan,IN,27.52,88.53,84.9,84.0,38,5
Bantry,IE,51.68,-9.45,48.2,43.23,81,20
Russell,US,32.35,-85.2,70.2,72.86,88,90
Palmer,US,42.16,-72.33,63.34,63.23,88,40
Clyde River,CA,70.47,-68.59,28.4,12.36,92,90
Troitskoye,RU,52.98,84.68,47.89,36.16,59,100
Beira,MZ,-19.84,34.84,73.2,78.89,94,40
Tonj,SS,7.27,28.68,69.75,74.66,96,23
Ninghai,CN,29.29,121.42,78.69,89.64,99,52
Bambanglipuro,ID,-7.95,110.28,86.0,82.89,51,48
Blackwater,AU,-23.58,148.88,79.03,73.08,37,60
Isla Mujeres,MX,21.23,-86.73,80.29,87.44,88,40
Blind River,CA,46.18,-82.96,53.6,46.33,93,90
Smithers,CA,54.78,-127.17,50.0,45.23,87,75
Semnan,IR,35.57,53.4,56.53,54.41,60,4
Kamenka,RU,51.32,42.77,47.14,37.78,52,99
Lebu,CL,-37.62,-73.65,47.39,43.68,82,100
Bubaque,GW,11.28,-15.83,81.01,87.35,73,94
Sivaki,RU,52.63,126.75,51.13,40.26,47,0
Makakilo City,US,21.35,-158.09,85.24,88.43,66,20
Umluj,SA,25.02,37.27,90.66,84.67,27,0
Biak,ID,-0.91,122.88,82.69,88.02,71,50
Alekseyevka,RU,50.63,38.69,53.26,41.79,44,97
Waddān,LY,29.16,16.14,73.42,73.63,53,0
Nelson Bay,AU,-32.72,152.15,67.55,60.26,52,40
Mahon,ES,39.89,4.27,60.8,59.16,82,4
Antalaha,MG,-14.9,50.28,71.69,71.92,72,35
Southbridge,US,42.08,-72.03,63.61,63.54,93,51
Noumea,NC,-22.28,166.46,66.2,59.31,72,93
Ouégoa,NC,-20.35,164.43,70.59,70.77,81,100
Lorengau,PG,-2.02,147.27,85.75,90.09,66,37
São Filipe,CV,14.9,-24.5,79.97,82.26,81,13
Merauke,ID,-8.47,140.33,84.31,83.26,70,83
Rathdrum,US,47.81,-116.89,52.48,49.06,71,1
Zyryanskoye,RU,56.83,86.63,37.29,24.84,80,100
Nara,JP,34.69,135.8,79.27,80.94,57,75
Kodinsk,RU,58.69,99.18,34.88,26.96,90,100
San Fernando,PH,15.03,120.69,89.6,98.33,66,75
Korla,CN,41.76,86.15,67.33,61.25,24,33
Dunedin,NZ,-45.87,170.5,40.84,30.88,56,100
Fortuna,US,40.6,-124.16,64.94,61.68,68,90
Morón,AR,-34.65,-58.62,59.31,58.08,64,9
Amoy,CN,24.48,118.08,80.6,83.34,65,40
Henties Bay,NA,-22.12,14.28,48.99,46.24,91,0
Nizhniy Kuranakh,RU,58.84,125.49,39.43,33.33,91,100
Agirish,RU,61.92,63.02,41.41,33.73,87,100
Tabory,RU,58.52,64.55,41.99,37.08,77,95
Orlik,RU,52.52,99.83,41.97,33.89,57,72
Quatre Cocos,MU,-20.21,57.76,74.77,76.23,83,75
New Iberia,US,30.0,-91.82,64.4,62.78,93,90
Nishihara,JP,26.18,127.76,82.8,82.31,58,20
Kruisfontein,ZA,-34.0,24.73,54.0,49.8,69,9
Dingle,PH,11.0,122.67,88.99,98.67,64,6
Lacey,US,47.03,-122.82,61.45,57.72,67,1
Fairview,US,40.81,-74.0,69.1,71.94,83,1
Puerto Madryn,AR,-42.77,-65.04,56.73,53.08,48,100
Lunenburg,CA,44.38,-64.32,67.55,73.02,97,78
Egvekinot,RU,66.32,-179.17,34.45,29.75,84,0
Manzhouli,CN,49.6,117.43,52.27,41.86,44,0
Lerwick,GB,60.15,-1.15,51.8,45.57,87,0
Kalmar,SE,56.66,16.36,39.2,36.0,100,90
Ormara,PK,25.21,64.64,81.43,86.47,75,11
Sur,OM,22.57,59.53,88.12,90.05,44,0
Kumul,CN,42.8,93.45,66.88,58.78,24,93
Emerald,AU,-23.53,148.17,80.33,72.43,34,75
Luba,GQ,3.46,8.55,77.0,82.27,94,40
Altay,CN,47.87,88.12,43.79,36.25,59,100
Rameswaram,IN,9.28,79.3,82.89,86.85,75,100
Lüderitz,NA,-26.65,15.16,54.79,41.83,51,0
Bongandanga,CD,1.5,21.05,69.12,75.63,97,100
Bilibino,RU,68.05,166.44,43.57,38.98,61,15
Lichinga,MZ,-13.31,35.24,59.56,57.81,84,25
Glendive,US,47.11,-104.71,48.2,39.96,42,1
Baykit,RU,61.67,96.37,37.09,28.51,73,45
San Ignacio,BZ,17.16,-89.07,79.0,86.14,79,97
Brae,GB,60.4,-1.35,51.8,45.57,87,0
Broome,US,42.25,-75.83,67.17,65.84,82,1
Birjand,IR,32.87,59.22,48.2,40.46,31,20
Kieta,PG,-6.22,155.63,81.68,86.4,70,100
Sørland,NO,67.67,12.69,48.2,45.03,87,30
Bandarbeyla,SO,9.49,50.81,78.94,76.26,75,42
Santiago del Estero,AR,-27.8,-64.26,65.17,55.65,36,0
Vrbno pod Pradědem,CZ,50.12,17.38,48.61,47.07,97,100
Trairi,BR,-3.28,-39.27,78.85,79.77,78,60
São Félix do Xingu,BR,-6.64,-51.99,75.6,79.5,66,7
Garissa,KE,-0.45,39.64,77.58,77.49,74,100
Magistral'nyy,RU,56.17,107.45,45.93,38.73,57,100
Beisfjord,NO,68.38,17.6,47.14,37.72,76,21
Mamou,GN,10.5,-12.0,67.17,71.6,92,93
Cabo Rojo,PR,18.09,-67.15,76.77,85.75,96,91
Itapaci,BR,-14.95,-49.55,78.1,74.44,24,46
Saligao,IN,15.55,73.77,78.8,87.22,88,20
Jumla,NP,29.27,82.18,70.57,66.72,32,0
Port Hardy,CA,50.7,-127.42,57.2,56.93,93,75
Langfang,CN,39.51,116.69,60.01,58.1,90,100
Hervey Bay,AU,-25.3,152.85,73.99,70.61,49,8
Barcelos,PT,41.54,-8.62,58.15,59.45,93,90
Pozo Colorado,PY,-23.49,-58.8,67.23,63.45,41,16
Bonavista,CA,48.65,-53.11,60.51,52.47,89,78
Vuktyl,RU,63.86,57.31,48.0,42.51,94,99
Hamilton,US,39.18,-84.53,54.34,51.93,87,75
Petropavlovsk-Kamchatskiy,RU,53.05,158.65,53.6,43.66,58,40
Alghero,IT,40.56,8.32,60.84,59.31,77,55
Vao,NC,-22.67,167.48,67.12,59.36,80,100
Shar,KZ,49.59,81.05,47.71,39.52,53,11
Dourados,BR,-22.22,-54.81,69.82,71.37,75,0
Burnie,AU,-41.07,145.92,55.38,47.88,60,100
Xiangxiang,CN,27.73,112.53,67.15,71.29,96,100
Baruun-Urt,MN,46.68,113.28,51.67,40.66,42,0
Buala,SB,-8.14,159.59,80.82,87.06,81,100
Topolobampo,MX,25.6,-109.05,84.99,96.93,81,0
Paka,MY,4.64,103.44,89.31,95.99,66,40
Viedma,AR,-40.81,-63.0,53.91,44.38,42,88
Camacha,PT,33.08,-16.33,69.8,64.29,73,40
Denison,US,33.76,-96.54,58.05,53.74,62,1
Acapulco de Juárez,MX,16.86,-99.89,80.22,84.94,80,100
Dukat,RU,62.55,155.55,41.34,33.58,68,100
Aykhal,RU,66.0,111.5,26.6,14.52,92,90
Kichera,RU,55.94,110.1,43.48,36.39,73,100
Ferkessédougou,CI,9.6,-5.2,72.81,77.67,84,63
Arosa,CH,46.78,9.68,34.27,29.62,96,75
Vieques,PR,18.43,-65.83,76.93,78.69,88,40
Cockburn Town,TC,21.46,-71.14,84.47,84.47,76,54
Manggar,ID,-2.88,108.27,84.88,86.85,70,27
Alpena,US,45.06,-83.43,51.51,48.83,93,20
Kudahuvadhoo,MV,2.67,72.89,82.56,87.22,74,86
Nazaré,BR,-13.04,-39.01,70.65,77.43,96,43
Rocha,UY,-34.48,-54.33,48.09,43.43,77,0
Panguna,PG,-6.32,155.48,74.46,79.3,79,100
Puerto Baquerizo Moreno,EC,-0.9,-89.6,66.4,64.09,87,48
Linares,CL,-35.85,-71.6,46.27,43.09,86,100
Ritchie,ZA,-29.04,24.6,37.4,31.37,40,0
Fuerte Olimpo,PY,-21.04,-57.87,73.02,74.86,64,0
Srednekolymsk,RU,67.45,153.68,53.85,44.78,51,100
Meulaboh,ID,4.14,96.13,85.91,93.45,64,98
Madoc,CA,44.51,-77.47,63.72,63.05,83,16
Vyartsilya,RU,62.18,30.69,43.59,39.22,96,5
Greece,US,43.21,-77.69,72.41,69.08,64,40
Ossora,RU,59.24,163.07,46.24,32.92,75,100
Ures,MX,29.43,-110.4,87.42,88.32,33,0
Doctor Mora,MX,21.14,-100.31,63.68,54.88,52,40
Ancud,CL,-41.87,-73.82,48.99,47.26,94,100
Villa Carlos Paz,AR,-31.42,-64.5,60.87,50.5,43,0
Aranos,NA,-24.13,19.12,42.82,32.99,48,0
Tateyama,JP,34.98,139.87,72.45,64.6,64,75
Kormilovka,RU,55.0,74.1,44.6,33.71,65,29
Erenhot,CN,43.65,111.98,53.08,48.0,38,0
Lincoln,US,40.8,-96.67,53.13,47.07,54,75
Mehtar Lām,AF,34.67,70.21,70.0,72.16,65,19
Homer,US,59.64,-151.55,50.2,44.67,76,75
Ürümqi,CN,43.8,87.6,50.0,39.85,46,42
Chauk,MM,20.88,94.82,88.97,95.05,60,91
North Bend,US,43.41,-124.22,69.89,68.7,56,1
Outjo,NA,-20.12,16.15,52.9,44.92,32,0
Georgiyevskoye,RU,58.73,45.02,45.48,40.21,80,95
Forsytheganj,BY,52.63,29.73,50.95,45.05,73,100
Altagracia de Orituco,VE,9.86,-66.38,70.48,75.61,91,100
Cham,CH,47.18,8.46,49.06,47.14,93,90
Nicoya,CR,10.15,-85.45,74.57,82.56,89,79
Barcelona,ES,41.39,2.16,61.93,58.91,72,96
Isangel,VU,-19.55,169.27,80.6,84.7,78,75
Mersing,MY,2.43,103.84,84.2,94.84,89,40
Yining,CN,29.04,114.56,66.88,71.11,93,100
Clayton,US,33.53,-84.37,71.78,71.08,78,90
Geraldton,AU,-28.77,114.6,71.6,67.53,49,40
San Fernando del Valle de Catamarca,AR,-28.47,-65.79,64.27,51.15,35,0
Gladstone,AU,-23.85,151.25,75.2,66.07,44,75
Kuusamo,FI,65.97,29.18,42.8,39.88,100,90
Oktyabr'skiy,RU,54.48,53.47,50.31,47.37,73,0
Mercedes,AR,-34.65,-59.43,55.17,49.06,38,6
Waipawa,NZ,-41.41,175.52,50.0,38.68,68,95
Ryōtsu-minato,JP,38.08,138.43,71.6,68.79,49,99
Barra de Tecoanapa,MX,16.52,-98.75,79.03,84.52,89,100
Pangai,TO,-19.8,-174.35,80.6,82.69,78,40
Kawalu,ID,-7.38,108.21,79.95,83.46,70,68
Yantai,CN,37.53,121.4,69.89,66.58,74,100
Nioro,GM,13.35,-15.75,74.98,81.77,88,84
Port Augusta,AU,-32.5,137.77,54.1,49.62,93,90
Sorsk,RU,54.0,90.25,43.66,36.75,64,100
Domoni,KM,-12.26,44.53,75.63,80.71,75,23
Serowe,BW,-22.38,26.72,61.99,57.83,85,71
Vysokogornyy,RU,50.12,139.15,48.52,39.07,74,85
Byron Bay,AU,-28.65,153.62,69.93,63.73,46,37
Bāglung,NP,28.27,83.59,79.81,82.27,56,0
Mindelo,CV,16.89,-24.98,80.6,80.58,74,40
Mahibadhoo,MV,3.78,72.97,82.8,87.89,72,83
Vestmanna,FO,62.16,-7.17,44.6,42.71,100,5
Uyuni,BO,-20.46,-66.83,48.04,36.36,48,94
Nynäshamn,SE,58.9,17.95,56.71,51.98,65,100
Ulagan,RU,50.63,87.96,42.17,37.08,63,100
Tofield,CA,53.37,-112.67,58.64,55.2,66,96
Awjilah,LY,29.11,21.29,83.26,76.46,22,0
Tsiroanomandidy,MG,-18.77,46.03,70.59,70.72,56,50
Yārāda,IN,17.65,83.27,86.0,97.38,79,75
Arrondissement de Morlaix,FR,48.58,-4.0,57.49,57.31,93,90
Vila Franca do Campo,PT,37.72,-25.43,68.0,67.82,88,20
Kendari,ID,-3.94,122.5,88.27,93.97,54,98
Clocolan,ZA,-28.91,27.57,31.01,25.12,81,0
Seymchan,RU,62.88,152.43,53.24,42.19,46,22
Belaya Gora,RU,68.53,146.42,47.37,39.25,65,100
Lázaro Cárdenas,MX,17.96,-102.2,80.58,87.78,76,100
Hay River,CA,60.82,-115.8,50.0,43.05,57,20
San Cristobal,VE,7.77,-72.22,65.64,68.16,84,69
Kattivākkam,IN,13.22,80.32,82.4,89.87,83,75
Mount Isa,AU,-20.73,139.5,93.2,82.9,13,74
Lieksa,FI,63.32,30.02,45.91,40.96,88,19
Sungai Penuh,ID,-2.08,101.38,80.06,81.37,52,82
Lota,CL,-37.08,-73.17,48.2,44.62,81,100
Chirongui,YT,-12.93,45.15,73.4,78.57,94,1
Hemsedal,NO,60.86,8.55,47.05,44.51,89,100
Izumo,JP,35.37,132.77,75.2,73.02,47,20
Yamada,JP,39.47,141.95,67.64,64.31,59,78
Arona,ES,28.1,-16.68,70.2,70.63,73,40
Teodoro Sampaio,BR,-22.53,-52.17,71.89,75.24,81,30
Morondava,MG,-20.28,44.28,74.64,75.96,59,0
Tongliao,CN,43.61,122.27,61.18,51.13,35,48
Ixtapa,MX,20.7,-105.2,77.5,82.96,100,90
Ponta Delgada,PT,37.73,-25.67,68.0,67.82,88,20
Chardara,KZ,41.25,67.97,56.8,43.11,38,100
Kirkwall,GB,58.98,-2.96,48.2,40.5,87,40
Maamba,ZM,-17.37,27.15,77.72,73.27,37,63
Porto-Novo,BJ,6.5,2.6,75.67,81.12,89,100
Wanning,CN,18.8,110.4,85.66,94.98,75,100
Suifenhe,CN,44.4,131.17,56.89,49.68,52,99
Saint-Pierre,RE,-21.34,55.48,71.13,71.76,68,13
Turbat,PK,26.0,63.04,80.24,86.68,71,0
Talara,PE,-4.58,-81.27,62.47,56.41,84,55
Ulaangom,MN,49.98,92.07,49.98,44.46,47,10
Waterloo,CA,43.47,-80.52,55.78,52.41,100,90
Dzilam González,MX,21.28,-88.93,77.41,84.78,92,77
Snezhnogorsk,RU,69.19,33.25,46.4,42.6,93,75
Novopokrovka,UA,49.84,36.55,55.2,45.5,43,100
Lucapa,AO,-8.42,20.74,68.25,73.49,92,93
Manta,EC,-0.95,-80.73,71.6,70.2,78,40
Marang,MY,5.21,103.21,89.29,98.11,62,20
Vavoua,CI,7.38,-6.48,69.89,75.79,98,90
Otane,NZ,-39.88,176.63,46.0,32.74,74,23
Panama City,PA,8.99,-79.52,75.85,83.73,94,81
Anchorage,US,61.22,-149.9,47.77,44.51,87,90
Ust-Maya,RU,60.42,134.53,42.53,36.57,88,100
Marigot,MF,18.07,-63.08,83.5,88.83,79,20
Cañon City,US,38.44,-105.24,44.94,37.9,34,1
Barsovo,RU,61.17,73.17,35.6,30.07,100,97
Kargasok,RU,59.06,80.86,39.25,28.94,72,0
Krasnosel'kup,RU,65.7,82.47,35.71,26.2,82,73
Kenai,US,60.55,-151.26,51.04,39.52,71,90
Saint-Joseph,RE,-21.37,55.62,72.34,73.42,68,22
Gyula,HU,46.65,21.28,52.0,51.44,99,81
Azul,AR,-36.78,-59.86,55.0,49.84,68,74
Kununurra,AU,-15.77,128.73,96.8,98.2,32,86
Margate,GB,51.38,1.39,53.89,52.36,96,93
Emba,KZ,48.83,58.14,58.35,52.54,46,60
Villa María,AR,-32.41,-63.24,55.99,52.03,42,0
Caluquembe,AO,-13.78,14.68,53.58,51.85,78,76
Gáldar,ES,28.15,-15.65,70.77,66.25,73,40
Gander,CA,48.97,-54.59,64.2,61.9,88,75
Macusani,PE,-14.08,-70.43,37.71,31.73,78,98
Cortez,US,37.35,-108.59,49.35,37.35,14,1
Nuuk,GL,64.18,-51.72,33.4,25.38,80,67
Scottsbluff,US,41.87,-103.67,48.2,40.46,31,1
San Vicente,AR,-26.62,-54.13,55.74,53.26,80,0
Ankazoabo,MG,-22.28,44.52,76.01,71.6,44,0
Longkou,CN,37.65,120.33,67.24,59.13,79,100
Metro,ID,-5.11,105.31,86.9,91.45,61,27
Santa Maria,BR,-29.68,-53.81,53.6,53.01,87,0
Shelopugino,RU,51.65,117.56,50.36,43.65,47,0
Derzhavīnsk,KZ,51.1,66.32,53.85,47.5,51,0
Gayéri,BF,12.65,0.49,79.72,81.09,58,76
Srostki,RU,52.42,85.7,50.09,40.21,61,100
Kiryat Gat,IL,31.61,34.76,73.99,78.01,77,0
Samarai,PG,-10.62,150.67,78.6,77.59,84,98
Hurghada,EG,27.26,33.81,86.0,78.78,23,0
Teahupoo,PF,-17.83,-149.27,82.4,77.61,69,20
Masty,BY,53.41,24.54,50.52,43.39,74,96
Huanren,CN,41.26,125.37,58.28,55.51,71,100
Sibolga,ID,1.74,98.78,87.39,91.53,53,71
Hornepayne,CA,49.21,-84.77,49.33,47.55,98,100
Beidao,CN,34.57,105.89,72.36,71.62,46,12
Nouadhibou,MR,20.93,-17.03,72.45,66.9,81,0
Santa Isabel,BR,-23.32,-46.22,68.0,70.21,77,97
San Rafael,AR,-34.62,-68.33,62.6,52.12,30,0
Plettenberg Bay,ZA,-34.05,23.37,51.08,43.39,74,17
Muli,MV,2.92,73.57,82.65,87.51,75,88
Pandan,PH,14.05,124.17,87.37,95.88,62,99
Seoul,KR,37.57,126.98,73.94,71.76,49,1
Shujālpur,IN,23.4,76.72,77.0,80.2,83,40
Nizwá,OM,22.93,57.53,85.98,84.67,27,0
Saint-Paul,RE,-21.01,55.27,71.51,63.97,64,2
Broken Hill,AU,-31.95,141.43,71.6,59.72,24,40
Muroto-misakicho,JP,33.28,134.15,75.2,76.91,69,75
Djambala,CG,-2.54,14.75,66.27,70.65,96,98
Lata,PT,40.16,-8.33,59.61,60.57,86,66
Newtownards,GB,54.59,-5.69,42.62,36.64,93,63
Chengzhong,CN,30.95,113.55,71.6,77.86,94,40
Bam,IR,29.11,58.36,72.59,57.76,27,1
Irecê,BR,-11.3,-41.86,68.02,65.21,76,7
Bull Savanna,JM,17.89,-77.59,77.09,82.83,85,4
Rabo de Peixe,PT,37.8,-25.58,68.0,67.82,88,20
Namanga,KE,-2.54,36.79,67.1,67.06,79,96
Urubichá,BO,-15.38,-62.95,67.26,72.54,94,100
Deep River,CA,46.1,-77.5,68.0,66.94,77,1
Khasan,RU,42.43,130.64,59.79,53.49,68,100
Whitehorse,CA,60.72,-135.05,44.49,32.38,49,20
Shelburne,CA,44.08,-80.2,56.98,52.74,93,90
Kalāleh,IR,37.38,55.49,57.2,54.82,76,20
Wanaque,US,41.04,-74.29,65.19,65.64,94,0
Sassandra,CI,4.95,-6.08,73.98,81.5,95,87
Kazaki,RU,52.62,38.26,52.99,42.03,43,100
Sragen,ID,-7.43,111.02,93.04,95.09,38,0
Fukuechō,JP,32.69,128.84,75.2,74.77,64,75
La Asuncion,VE,11.03,-63.86,80.73,88.29,81,100
Riohacha,CO,11.54,-72.91,80.11,83.48,78,98
Juneau,US,58.3,-134.42,50.92,45.73,87,90
Coeneo de la Libertad,MX,19.82,-101.58,60.8,59.07,87,5
Segesd,HU,46.34,17.35,47.77,44.56,93,89
Pontianak,ID,-0.03,109.33,90.52,97.12,54,63
Kaoma,ZM,-14.78,24.8,71.2,66.22,30,89
Porbandar,IN,21.64,69.61,82.4,87.21,78,20
Micheweni,TZ,-4.97,39.83,77.36,81.09,77,100
Prince Rupert,CA,54.32,-130.32,53.6,52.25,93,75
Şebinkarahisar,TR,40.29,38.42,56.97,53.87,51,0
Bloemfontein,ZA,-29.12,26.21,33.8,25.47,55,0
Raja,SS,8.46,25.68,68.86,73.29,96,48
Sabang,ID,5.89,95.32,82.06,89.33,71,100
